num_officers,total_crimes
44,
81,
34,
43,
12,
10,
22,
22,
11,
12,
12,
25,
9,
13,
25,
76,
0,
17,
8,
20,
24,
7,
17,
8,
11,
21,
4,
9,
9,
8,
6,
58,
587,
690,
149,
1023,
74,
41,
27,
23,
25,
99,
117,
34,
225,
41,
22,
1,
44,
8,
77,
28,
7,
6,
8,
7,
552,
635,
54,
23,
17,
56,
18,
18,
5,
31,
28,
175,
563,
43,
89,
0,
319,
31,
64,
94,
69,
28,
21,
7,
104,
12,
11,
78,
26,
58,
59,
4,
3,
3,
4,
12,
7,
7,
2,
48,
21,
13,
0,
13,
19,
18,
30,
9,
96,
38,
18,
78,
6,
14,
31,
29,
12,
5,
3,
47,
26,
27,
16,
11,
28,
12,
60,
23,
72,
57,
36,
6,
9,
38,
25,
23,
35,
29,
7,
2,
71,
3,
8,
10,
3,
8,
8,
8,
89,
36,
178,
28,
10,
45,
9,
19,
5,
12,
3,
13,
25,
13,
7,
15,
33,
10,
31,
10,
19,
14,
20,
171,
5,
2,
3,
2,
81,
74,
7,
5,
1,
2,
8,
1,
74,
132,
5,
4,
5,
59,
11,
1,
2,
4,
170,
150,
99,
120,
56,
11,
42,
5,
4,
7,
28,
32,
16,
12,
339,
648,
111,
6,
6,
5,
1,
25,
24,
6,
1,
31,
15,
14,
6,
1,
2,
74,
69,
47,
37,
33,
2,
5,
51,
33,
2,
2,
182,
151,
31,
6,
2,
8,
5,
19,
7,
7,
35,
6,
4,
5,
3,
35,
80,
17,
35,
28,
4,
9,
117,
94,
108,
42,
4,
3,
11,
9,
22,
3,
2,
4,
7,
221,
41,
15,
20,
89,
85,
30,
8,
25,
4,
8,
95,
39,
45,
20,
21,
1,
55,
67,
15,
5,
2,
3,
204,
356,
67,
5,
6,
4,
4,
76,
70,
9,
6,
11,
18,
3,
1,
22,
8,
2,
4,
22,
10,
2,
29,
8,
16,
4,
2,
2,
11,17
11,55
33,165
1,1
22,57
27,86
7,9
60,423
37,355
2,1
4,37
2,1
0,
241,262
115,467
155,1097
53,368
16,5
11,0
24,50
12,3
6,2
7,2
3,4
7,3
24,56
7,2
3,1
49,117
56,237
43,253
1,0
7,12
19,71
12,54
3,
64,144
16,122
17,68
13,1
8,23
10,
7,16
16,54
33,24
29,142
5,18
7,12
1,3
20,3
12,28
7,1
49,219
26,158
4,0
5,
1,
12,47
0,
42,50
25,138
44,161
27,158
4,0
0,1
113,182
174,2190
3,1
4,8
4,1
4,1
4,1
6,1
78,119
64,647
21,166
4,1
2,
3,2
2,0
144,206
111,653
6,24
35,194
0,
40,
21,195
2,
1,3
28,0
14,102
8,
27,52
1,
24,12
15,36
29,165
163,358
172,1119
15,2
9,7
9,0
2,0
25,45
13,58
5,12
2,7
18,26
4,12
2,3
181,407
137,1067
18,48
30,47
26,73
75,972
4,32
58,111
36,260
34,
23,
24,22
17,82
4,0
3,1
41,239
25,143
37,186
32,54
25,282
4,18
3,3
2,2
102,226
140,1082
17,27
6,1
35,75
23,9
3,4
27,
4,5
2,4
37,
8,5
4,0
1,3
1,
10,28
20,93
26,9
6,40
34,41
14,65
46,117
12,82
14,81
69,168
11,43
54,225
9,0
16,64
4,1
12,74
21,152
22,135
4,0
7,42
36,170
90,1030
94,179
50,351
35,128
5,1
1,0
1,4
7,3
0,
1,0
14,7
18,41
4,6
24,
30,
10,23
21,6
48,
40,206
1,2
24,42
6,13
20,
24,346
7,0
24,44
3,0
2,14
44,61
12,28
22,266
7,26
7,
3,1
1,0
29,2
13,195
88,140
59,485
9,31
5,17
9,18
31,27
7,1
6,15
534,534
62,912
713,5068
207,768
97,493
8,65
4,0
50,135
25,59
16,10
42,69
40,327
6,0
107,322
90,642
54,429
8,1
6,8
28,33
10,86
18,10
147,184
192,3818
23,8
11,46
4,
3,1
1,2
35,47
16,59
26,
5,
4,
4,39
9,49
3,0
25,
11,0
66,125
67,413
37,4
16,26
8,3
1,
303,215
174,1570
204,
14,123
17,37
6,2
4,1
7,35
8,7
8,0
104,468
70,783
13,86
21,185
3,24
2,
4,0
4,14
3,2
1,
1,0
11,1
7,10
6,0
29,123
17,52
7,1
4,0
1,
72,
8,1
9,
8,
180,
21,
15,
42,
7,6
76,
9,
19,
239,
159,
3,
23,
29,
130,
21,
6,
15,
42,
82,
6,
25,
12,
42,
13,
3443,
191,
129,
484,
68,
409,959
550,
154,
1202,
50,
286,
3919,
616,
198,
480,
49,
27,
246,
60,
109,
107,
18,
135,
13,
49,
18,
34,
17,
1417,
17,
1129,
55,
126,
125,
479,
99,324
43,215
38,
37,
10,
4,
15,
95,343
91,
83,
63,
4,
193,
11,
52,
5,
91,
92,
27,
35,
39,
331,217
20,33
256,1445
59,3
7,1
90,
14,
11,
1496,
108,
31,
253,
53,
281,
294,
144,
75,
1023,
27,
110,
129,
88,
16,
94,
9,
10,
4,
252,
146,
18,
39,
19,
113,
8,
59,
7,
13,
928,
149,
90,
12,
200,
45,
27,
42,
105,
56,
227,
82,
121,
7,
43,
13,
85,
52,
12,
344,
25,
59,
1182,
160,
22,
16,
12,
1077,
17,
20,
20,
16,
12,
22,
43,
43,
48,
73,
13,
245,
43,
70,
5,
24,
6,
272,
39,
34,
5,
68,
23,
5,
78,
19,
1155,
26,
559,
72,
14,
49,
35,
24,
26,
23,
2,
6,
289,
32,
87,
41,
18,
122,
12,
37,
80,
19,
15930,
118,
92,
89,
93,
40,
69,
217,
215,
63,
78,
155,
161,
160,
79,
116,
335,
79,
133,
62,
85,
247,
33,
55,
1203,
12954,
100,
74,
97,
99,
32,
343,
252,
142,
44,
66,
34,
394,
18,
44,
114,
51,
311,
55,
141,
167,
121,
27,
92,
298,
7,
16,
27,
77,
8,
82,
23,
17,
46,
78,
202,
22,
45,
13,
255,
34,
13,
7,
30,
62,
133,
30,
8,
41,
15,
430,
22,
10,
15,
28,
22,
65,
30,
192,
11,
45,
21,
34,
134,
13,
120,
16,
152,
36,
12,
38,
3723,
592,
86,
131,
192,
65,
27,
79,
193,
239,
303,
98,
101,
21,
225,
216,
67,
558,
53,
141,
120,
325,
534,
28,
29,
84,
191,
66,
3750,
44,
59,
28,
32,
128,
108,
149,
512,
209,
72,
138,
1992,
102,
48,
993,
238,
134,
59,
40,
3342,
57,
160,
80,
285,
64,
388,
124,
134,
368,
106,
4344,
182,
315,
67,
183,
211,
92,
124,
288,
2387,
2907,
737,
12,
105,
106,
30,
664,
135,
418,
30,
25,
17,
50,
33,
89,
39,
746,
26,
42,
17,
57,
25,
127,
34,
71,
35,
111,
61,
142,
111,
11,
50,
42,
674,
13,
56,
206,
184,
1716,
70,
97,
43,
60,
114,
61,
135,
137,
1607,
222,
292,
334,
27,
122,
94,
24,
198,
28,
140,
12,
103,
3,
12,
3,
14,
22,
2,
512,
47,
30,
183,
12,
32,
167,
148,
581,
21,
18,
25,
101,
243,
21,
94,
706,
68,
309,
16,
32,
111,
128,
88,
107,
21,
40,
50,
791,
44,
19,
15,
18,
102,
105,
219,
12,
131,
17,
1231,
324,
27,
45,
183,
165,
262,
92,
13,
80,
96,
163,
26,
9,
583,1002
911,5060
101,686
136,789
319,2434
271,1959
77,502
38,166
46,
28,309
568,423
107,794
102,568
35,273
40,657
29,0
0,0
78,302
5,0
179,660
39,42
8,31
13,0
2,1
1,1
30,57
396,332
271,1036
50,506
227,1738
36,13
5,1
58,8
9,0
20,115
10,2
67,2
12,43
3,
1,
32,3
1,
14,
15,34
17,30
65,59
22,18
4,
4,2
7,
9,12
522,1140
99,659
113,365
63,1034
82,100
39,60
10,4
10,0
19,48
4,14
45,2
10,10
3,1
842,1052
1028,9574
59,438
15,22
2,
22,
1,0
4,1
89,36
44,436
14,13
128,125
31,293
6,22
25,195
14,2
7,4
10,21
58,49
33,133
51,2
10,1
5,
11,3
29,7
31,51
9,0
9,2
4,0
40,76
2,
12,
761,673
200,1357
67,120
15,214
437,408
101,52
5,4
10,
10,0
8,1
29,13
8,33
0,
21,7
9,11
116,79
63,244
7,0
9,1
408,486
33,0
317,1845
161,834
9,91
32,1
35,135
26,2
7,3
0,0
45,49
29,368
232,514
193,1347
18,104
11,0
4,
2,
7,
38,0
26,140
67,64
48,228
4,1
86,86
56,296
4,6
48,27
15,0
29,139
2,
2,
23,37
18,261
13,
2,
3,1
8,
5,2
3,
55,25
4,1
4,2
4,5
3,2
55,2
37,2
12,1
29,5
31,36
0,431
269,1272
27,3
4,0
9,3
43,5
16,75
3,3
3,2
52,1
38,123
8,4
3,1
17,
20,42
2,0
32,3
13,2
10,5
3,0
74,91
24,51
11,3
20,59
13,21
2,1
75,13
26,54
19,47
31,61
405,275
22,0
209,1525
12,3
37,219
8,3
48,48
40,105
16,2
5,0
24,290
14,3
6,1
10,3
25,2
34,44
11,
12,
5,18
10,25
4,
9,1
21,7
6,1
8,4
223,1006
1859,9670
50,103
41,1
54,90
51,90
61,131
66,142
411,232
142,206
44,0
21,0
62,54
35,95
21,32
35,226
153,354
64,102
36,85
18,4
145,138
54,131
32,39
20,1
34,98
115,304
127,239
61,2
74,103
21,0
182,151
34,51
44,4
129,264
483,
32,4
42,9
152,351
131,
12,0
125,279
136,
56,15
67,260
166,323
52,37
65,271
85,187
57,90
48,19
28,25
59,119
214,405
101,263
32,65
56,201
21,24
46,4
26,26
13,
23,45
22,0
46,0
48,57
43,2
58,72
49,31
87,114
55,3
285,501
51,64
108,337
26,5
16,1
86,236
86,406
61,81
98,117
335,648
55,174
49,65
141,553
18,0
70,85
63,157
42,17
27,0
49,56
64,147
36,36
37,33
31,29
83,184
5,
1081,590
4524,
130,1859
14,81
32,178
9,4
0,6
4,0
0,1
0,
5,1
3,3
0,
42,494
463,2227
16,164
89,434
360,1829
13,92
7,1
5,7
7,1
14,11
20,6
14,1
48,461
8,1
29,5
33,445
3,2
11,1
4,5
8,0
23,271
4,4
18,1
10,1
12,3
5,2
0,
10,0
1,0
415,843
232,1788
378,
343,
63,
273,
119,
87,
11,
88,
18,
3,
1282,
92,
57,
15,
29,
215,
11,
66,
36,
124,
219,
55,
1329,
81,
128,
690,
118,
262,
252,
332,
47,
70,
144,
19,
25,
42,
38,
149,
300,
57,
92,
11,
249,
308,
97,
46,
43,
105,
33,
18,
448,
52,
328,
579,
27,
34,
904,
103,
34,
201,
54,
4068,
37,
240,
344,
147,
1760,
491,
47,
55,
133,
180,
49,
42,
9,
66,
37,
145,
56,
8,
23,
27,
48,
63,
126,
70,
265,
115,
23,
5,
41,
3050,
81,
29,
655,
200,
289,
14,
4,
67,
34,
10,
15,
66,
3,
130,
46,
9,
60,
8,
3,
4,
105,
7,
16,
162,
22,
557,
342,
10,
39,
3313,
87,
1215,
61,
6,
479,
10,
60,
73,
74,
22,
3,
8,
59,
13,
34,
703,
53,
88,
82,
44,
6,
13,
59,
30,
11,
7,
1504,
314,
51,
715,
434,
151,
4,
32,
81,
15,
1147,
148,
10,
26,
22,
50,
778,
270,
17,
8,
387,
61,
23,
10,
508,
257,
41,
444,
55,
61,
36,
16,
0,
2264,
139,
61,
99,
962,
106,
102,
14,
15,
16,
21,
637,
218,
3623,
304,
184,
228,
92,
161,
377,
16,
12,
17,
145,
4,
16,
35,
22,
178,
59,
24,
10,
30,
60,
48,
21,
2385,
14,
330,
35,
14,
179,
126,
757,
14,
23,
1170,
43,
55,
15,
65,
17,
7,
336,
48,
117,
212,
39,
7,
4,
1,
695,
66,
741,
138,
300,
439,
24,
974,
235,
63,
148,
1236,
115,
60,
48,
76,
154,
54,
54,
2,
37,
36,
80,
23,
734,
293,
79,
66,
92,
41,
34,
29,
7,
29,
34,
13,
141,
534,
25,
82,
68,1
10,1
29,
12,3
9,
119,3
52,8
64,
47,
22,
5,
227,
69,14
18,3
2,
9,2
11,
33,
49,1
3,1
3,
495,
43,4
14,1
45,4
63,2
9,1
6,
120,2
28,0
1,
14,
6,
29,0
12,
194,
84,
10,4
120,7
30,
10,
30,
7,0
44,13
572,
67,406
36,
11,0
18,
46,0
358,12
55,
4,
36,
59,5
280,
7,
480,448
83,14
30,2
36,
40,1
19,5
15,
8,0
29,
697,961
180,12
138,19
74,2
125,2
37,47
5,
3,
338,
31,1
9,
52,4
3,
267,359
104,6
14,0
99,
37,
113,1
63,4
43,3
58,
946,
13,
19,22
58,
8,
17,
78,39
83,14
56,
14,
75,
185,811
38,8
337,75
110,23
39,0
17,0
9,3
156,
2,
15,5
10,
62,
23,2
11,3
56,2
10,
201,0
62,4
65,
81,
441,5
20,
57,0
15,
1,
3,
128,6
152,1
70,
52,3
15,
151,420
47,1
87,2
11,
107,9
12,0
56,
120,18
122,90
56,4
5,
23,
29,2
20,0
1007,
94,
88,1
36,8
59,54
59,2
87,
19,
431,471
113,1
19,
46,1
13,0
77,3
21,0
11,0
12,
81,
1,1
32,2
26,0
36,1
8,
54,429
20,4
28,
259,
335,
151,560
24,2
23,
14,
112,3
26,
4,
20,4
44,7
50,1
6,
12,
2,
7,
78,4
62,
21,1
21,2
108,187
74,
99,
6,
30,
11,
9,
80,
12,
12,
4,
95,7
2,
14,
3,
49,1
17,1
7,
2,
21,
14,3
14,
21,1
15,
72,12
19,1
4,
290,314
69,
3,0
96,
265,403
37,
19,
3,
60,8
29,0
24,
19,
53,6
51,1
33,
22,
0,4
28,1
4,
4,
3,
270,
88,
22,0
10,3
14,0
176,
83,2
98,
44,155
5,
11,1
22,
12,
18,
65,3
4,
103,25
7,1
17,
35,1
38,0
5,
20,1
19,
96,
46,
8,
206,7
48,8
31,
16,
21,0
0,
33,
7,
4,
16,
9,0
101,
6,2
28,0
11,2
5,
42,
20,
2090,
564,
2349,3547
186,
433,
13,1
8,0
21,1
4,2
4,1
3,2
16,31
18,66
4,1
35,
5,
9,1
123,78
61,257
9,40
130,831
31,28
18,98
2,1
38,12
16,93
30,50
12,51
36,1
23,131
18,6
12,13
16,95
12,12
13,3
39,2
7,7
4,1
0,0
73,11
20,1
58,291
21,1
9,7
16,1
6,3
22,34
12,75
25,1
29,102
29,24
47,46
52,408
9,5
11,5
21,1
18,37
72,10
20,55
10,40
29,146
2,1
17,1
16,1
3,1
21,20
15,62
26,62
49,375
7,185
20,4
10,4
91,67
112,655
7,1
18,0
13,33
38,3
14,48
0,
19,2
20,35
10,1
8,15
27,29
18,
8,1
16,31
5,
14,20
31,19
15,51
9,8
30,33
14,40
4,
11,17
6,1
19,49
16,126
17,4
21,3
6,0
16,29
29,29
3,1
7,14
19,4
18,113
47,14
28,196
4,2
3,3
14,7
20,81
92,110
39,417
108,567
24,2
4,
27,
9,2
8,1
12,15
4,1
25,15
14,22
37,51
21,103
25,
195,56
284,1969
57,354
14,22
3,2
6,1
31,28
13,42
22,33
18,7
8,40
26,4
19,105
38,35
15,2
24,52
55,26
47,253
27,9
12,30
20,0
7,1
18,2
5,2
7,2
7,6
12,72
81,37
41,141
28,31
6,42
14,3
17,1
11,44
13,33
17,3
7,1
34,22
16,145
17,
525,222
72,372
30,86
450,2581
60,282
98,9
14,4
35,82
33,242
22,43
7,2
201,115
134,1288
11,41
13,
16,77
13,5
22,19
4,1
166,106
51,235
192,1442
3,1
10,0
8,1
1,
0,
10,1
9,1
41,48
7,3
4,1
6,3
7,1
89,29
80,584
12,55
6,2
23,31
6,1
13,1
13,12
16,97
12,46
44,2
51,602
36,60
22,213
20,3
9,23
45,42
11,102
16,1
36,38
43,292
1,3
8,
9,1
26,10
19,77
113,52
149,2119
9,20
25,18
25,4
5,
8,15
720,394
385,1565
34,142
145,701
24,1
125,19
36,401
131,707
14,1
6,2
28,28
85,101
5,22
30,187
8,52
64,12
12,0
13,2
15,27
4,6
23,24
1,
99,79
6,17
24,61
7,0
191,329
137,534
27,31
7,1
14,1
6,3
282,181
92,452
176,935
5,10
5,3
10,1
26,1
7,6
78,123
7,3
32,
6,1
17,8
0,0
68,24
34,79
15,5
9,24
38,24
6,4
34,55
16,32
34,26
9,25
4,2
1,1
38,24
1,0
4,4
60,37
8,37
55,61
21,122
297,499
112,352
74,378
9,17
18,1
53,60
45,155
23,7
8,10
16,5
12,1
6,
62,31
41,94
32,29
13,17
8,21
77,29
68,308
14,3
28,30
6,
49,22
16,4
15,82
26,14
7,1
37,59
9,11
2,5
2,5
20,17
118,50
10,40
95,610
9,13
5,2
41,32
12,25
35,1
13,
13,
23,
8,
1,
18,
12,
2,
6,
8,
1,
10,
154,
140,
1,
38,
2,
72,
2,
1,
2,
2,
18,
8,
5,
1,
29,
34,
40,
5418,
43,
133,
20,
46,
19,
166,
42,
30,
75,
97,
93,
11,
35,
180,
27,
117,
140,
66,
64,
100,
43,
212,
77,
24,
39,
72,
32,
25,
83,
27,
34,
24,
159,
12,
28,
103,
45,
8,
14,
28,
23,
22,
93,
27,
14,
89,
10,
37,
32,
57,
102,
69,
21,
53,
45,
24,
128,
137,
127,
131,
34,
11,
16,
10,
52,
1,
36,
29,
56,
91,
24,
1,
1,
15,
4,
7,
3,
20,
6,
76,
2,
0,
2,
25,
4,
8,
486,
92,
85,
70,
25,
74,
251,
46,
48,
2,
43,
79,
17,
39,
37,
25,
31,
6,
1,
21,
46,
6,
38,
17,
3,
12,
26,
8,
7,
40,
3,
11,
42,
6,
0,
4,
6,
6,
2,
45,
14,
2,
29,
23,
4,
3,
65,
1,
2,
15,
12,
0,
86,
81,
4,
15,
7,
61,
52,
3,
21,
38,
6,
1,
11,
6,
4,
3,
122,
362,
8,
243,
10,
36,
36,
64,
21,
1,
5,
191,
44,
72,
28,
8,
1,
118,
33,
227,
7,
54,
29,
97,
12,
17,
40,
18,
50,
74,
29,
189,
48,
13,
66,
15,
0,
9,
13,
10,
50,
26,
0,
1,
3,
66,
10,
20,
6,
26,
26,
2,
24,
0,
0,
346,
54,
25,
68,
8,
20,
48,
7,
41,
15,
9,
130,
157,
90,
4,
8,
1,
3,
1,
151,
1,
149,
12,
2,
49,
4,
17,
11,
5,
10,
167,
83,
18,
60,
68,
5,
27,
14,
7,
26,
5,
26,
17,
5,
0,
22,
3,
2,
19,
6,
5,
30,
8,
31,
10,
15,
5,
1,
43,
1,
2,
2,
11,
5,
9,
7,
15,
12,
2,
225,
0,
21,
13,
36,
30,
9,
13,
0,
13,
154,
9,
16,
105,
20,
4,
39,
14,
9,
8,
11,
3,
8,
4,
66,
10,
23,
6,
204,
269,
6,
20,
9,
0,
0,
2,
5,
7,
0,
28,
3,
0,
38,
63,
60,
4,
5,
2,
24,
7,
61,
2,
2,
0,
1,
7,
97,
0,
0,
64,
1,
4,
20,
0,
0,
1,
3,
4,
4,
3,
0,
0,
0,
0,
12,
15,
0,
31,
4,
21,
14,
63,
1,
10,
7,
38,
596,
123,
16,
32,
20,
36,
339,
45,
11,
70,
5,
75,
41,
11,
12,
33,
34,
0,
0,
0,
27,
331,
15,
3,
338,3754
14,
13,
6,
23,
6,
1,
14015,
542,
0,
105,
12,
40,1
31,9
44,
41,25
60,
88,
18,
58,
24,1
13,2
30,6
17,
11,
46,
0,
7,
60,2
144,
103,
59,
82,20
44,41
49,
64,14
148,
99,
74,
17,
47,
20,
139,17
57,7
69,
9,
13,2
64,
0,
100,6
43,2
441,97
22,6
53,
88,
244,
46,0
78,24
44,8
20,
34,
67,5
25,
62,3
159,192
42,
101,
122,
0,
50,
16,5
17,
26,
60,9
157,455
12,
71,4
44,
26,
74,11
6,
3,2
75,
26,
74,
63,
0,
13,
18,4
16,
284,411
278,1768
10,0
13,3
98,
58,
36,3
8,2
53,7
23,7
66,
10,
140,1800
39,
16,1
34,6
45,
22,7
2803,7246
30,19
16,99
1,
1,
30,7
8,48
24,151
2,0
5,4
35,114
7,12
1,0
16,22
22,74
26,3
10,69
9,0
26,138
26,127
31,166
9,3
2,0
10,1
15,15
1,1
1,
51,52
10,25
12,18
14,39
6,8
10,0
13,2
7,6
9,0
13,55
41,
9,14
1,2
0,
27,36
30,174
28,222
2,0
36,32
75,387
4,10
7,23
8,4
1,0
3,1
4,1
24,39
16,62
8,3
2,0
1,1
2,3
159,
168,
13,
12,22
10,10
10,1
1,1
34,20
40,374
5,2
2,
20,13
7,2
1,1
1,
83,218
3,1
35,12
55,260
1,
45,79
32,172
6,0
105,18
67,317
8,3
5,4
8,0
4,0
15,2
11,10
18,3
8,3
22,29
6,8
1,0
25,11
39,298
8,0
6,0
1,0
2,
4,2
15,2
43,73
7,3
39,61
2,1
10,1
635,85
8,2
76,132
34,101
35,2
215,448
310,430
56,76
16,1
113,432
135,489
9,0
38,68
3,0
13,0
1,0
16,37
20,0
7,33
20,2
27,163
4,2
3,4
10,2
97,47
74,368
13,2
19,36
16,6
13,1
33,21
1,
2,4
2,4
5,1
30,7
48,167
22,14
43,147
8,5
1,
5,
4,3
1,0
17,5
5,1
3,0
26,2
9,5
2,1
4,2
61,14
22,4
12,2
9,3
39,74
32,170
28,304
7,21
9,1
12,1
8,1
12,10
2,3
18,3
10,
4,1
30,17
18,0
4,
11,2
9,22
7,3
1,
3,2
1,0
2,2
1,
14,1
3,
18,7
5,1
12,1
6,1
14,2
43,78
5,2
12,4
2,0
1,0
1,
17,2
23,42
4,0
3,2
89,54
104,554
6,
3,1
3,1
15,3
5,1
9,1
6,1
5,1
2,
206,718
17,1
5,1
12,0
11,17
9,45
49,81
107,1174
9,0
516,83
53,251
31,80
844,12664
19,0
3,
8,
5,0
5,0
14,1
2,
14,7
17,52
11,6
3,
5,1
37,16
51,56
182,158
328,
2,
4,3
2,1
11,1
10,54
6,2
2,0
1,1
11,1
8,1
35,33
17,99
6,1
21,2
3,2
3,4
0,1
14,49
6,2
23,29
1,
3,
8,0
9,3
7,
8,13
11,0
4,
27,61
423,
18,98
8,1
42,4
16,44
28,92
21,0
23,15
11,7
23,51
9,4
3,0
6,1
27,236
7,3
67,1069
12,3
25,144
1,
46,106
51,495
8,4
15,2
36,149
2,1
6,9
3,1
2,
13,1
15,30
5,3
1,
4,7
50,119
39,132
2,0
24,56
18,7
10,3
11,5
15,150
34,86
44,202
14,41
24,10
12,38
39,280
20,86
8,2
12,3
8,3
3,2
7,6
16,27
11,15
12,3
7,3
17,3
111,616
1,0
23,182
16,49
46,487
16,38
7,0
6,0
10,2
5,0
10,
66,192
9,1
3,
5,4
5,6
1,0
692,6473
7,4
8,1
20,6
22,13
36,77
70,526
5,0
12,1
2,0
3,
14,9
18,67
8,1
2,0
20,92
30,330
16,10
20,6
4,2
10,3
17,15
13,6
4,1
7,0
13,25
4,1
4,
56,71
75,171
50,556
7,0
3,1
21,2
6,1
13,2
1,1
3,2
1,
17,5
18,11
7,0
24,75
6,15
5,0
3,0
40,113
61,181
9,5
1,
45,623
36,206
14,0
8,3
62,19
11,
0,1
0,
7,0
7,0
1,
0,0
11,4
1446,12052
76,416
9,5
10,31
10,2
121,653
16,36
44,60
14,1
39,65
7,1
12,5
13,0
12,1
14,1
15,25
12,6
38,74
5,1
9,
7,1
7,2
13,20
6,1
6,1
8,7
9,3
6,0
4,
8,5
6,0
11,24
14,19
1,
10,3
26,38
24,153
2,4
1,0
10,6
6,1
54,303
77,964
34,91
36,81
66,535
4,1
10,2
26,48
42,93
8,136
8,43
4,2
19,6
34,6
18,70
5,8
3,1
5,2
12,26
19,82
1,
5,27
7,1
6,1
0,
18,132
24,223
6,0
19,0
11,11
16,1
30,170
1,
1,
3,1
9,1
5,4
5,2
19,75
1,
41,132
6,0
4,0
1,
9,3
7,23
25,129
36,2
30,363
4,
5,0
9,3
47,130
43,181
6,12
1,
3,0
2,
8,22
8,0
2,1
16,3
29,135
5,0
11,42
81,575
2,
1,
25,14
30,167
9,0
18,14
24,213
11,8
5,0
15,52
12,309
8,4
6,3
5,1
1,
10,2
8,4
1,2
7,48
1,1
89,235
1,2
0,
14,2
15,0
16,2
10,72
16,0
19,59
19,32
35,195
104,
51,
22,
17,
103,
15,
354,530
45,529
83,
88,
30,
64,
414,328
198,
14,
615,163
709,
4,
7,
1,
11,
869,2898
174,
68,
20,
18,
82,
130,
70,29
293,
35,
146,
20,
841,
36,290
770,
45,
46,13
11,
53,
6,
0,
0,
46,134
9,1
13,
118,
4,
5,
176,
134,
28,5
9,
22,
265,
146,
28,
38,
28,100
9,
16,
36,
31,
334,
33,
31,
336,760
7,
65,208
47,
7,
3,
77,
46,
304,
37,
23,
3,
5,
33,33
13,32
25,
168,
65,
392,1817
169,1919
67,713
3,
257,82
103,
474,1060
170,
75,
70,
145,
89,
11,
3,
1,
411,
47,96
5,
103,100
2,
8,4
248,316
204,
36,
58,
9,
6,
191,
21,
145,
14,
53,
25,
46,
5,
106,
32,
9,
5,
30,19
89,
46,
13,
2,0
1,
123,
31,
21,
11,
118,
26,
75,
48,
23,
150,
29,
17,
1,
2,
198,
17,70
12,
17,
2,
67,
37,
16,
1448,
132,234
50,134
29,1
27,10
55,113
23,1
58,189
42,3
44,64
27,2
27,30
35,35
18,0
20,1
74,89
4,2
1,0
12,16
4,
18,9
6,
9,1
110,364
8,8
13,2
24,2
86,177
13,0
83,367
18,
46,58
38,165
286,478
24,26
48,74
301,979
63,157
35,7
36,6
33,12
36,74
40,72
121,178
33,45
21,2
4,2
10,0
37,48
73,40
69,51
13,0
56,225
9,
18,0
66,11
13,1
18,5
108,478
29,11
162,
187,373
26,15
42,38
116,129
18,14
13,1
49,73
112,163
21,1
104,219
72,138
31,25
14,0
11,1
15,
1,
3,0
2,
11,27
6,1
2,0
46,158
21,36
14,82
6,2
67,114
0,
0,
157,515
29,56
16,12
2,2
130,642
33,1
49,111
25,58
23,22
552,1677
95,454
94,203
28,118
64,111
26,21
0,
34,70
2,0
15,8
20,118
70,237
2,0
1,2
54,46
78,47
11,1
34,39
32,26
37,12
70,58
19,4
71,289
301,502
15,5
67,291
46,1
46,59
9,1
139,173
143,327
27,8
29,1
34,9
42,
63,18
18,8
28,0
342,726
111,180
75,234
27,13
122,10
49,4
72,186
194,109
34,18
17,3
62,1
13,
159,293
45,33
15,7
41,43
75,224
15,11
44,46
176,184
83,11
31,2
50,30
35,3
51,50
46,23
84,181
19,3
37,5
100,200
158,198
44,39
20,7
59,58
17,1
39,78
54,34
22,8
20,
24,2
18,
56,27
23,8
72,65
240,481
64,137
36,3
72,174
54,171
55,26
43,3
119,238
22,1
29,108
218,404
22,34
28,2
13,17
25,36
49,82
29,30
33,66
22,5
15,2
43,27
20,16
49,76
25,16
34,45
144,369
8,0
38,4
56,147
27,4
2922,1154
115,196
113,298
35,35
17,7
47,224
10,8
11,1
20,3
13,1
14,2
5,1
38,16
19,5
14,42
95,155
46,200
24,20
5,2
16,7
12,18
21,230
92,375
17,90
19,2
25,109
7,0
29,47
27,84
27,117
19,2
7,0
24,3
45,161
23,34
26,63
19,23
13,6
23,37
6,
35,96
15,1
20,54
506,1124
34,
56,
20,
1,
148,
1000,
2102,
164,
43,
15,
9,
4,
5,
273,
10,
6,
12,
7,
22,
55,
113,
46,
11,
6,
14,
429,
20,
44,
42,
8,
257,
16,
189,
14,
54,
2,
389,
51,
39,
44,
682,
29,
13,
3,
16,
1970,8584
46,
10,
35,
5,
15,
12,
3,
4,
8,
4,
2,
8,
19,
63,
53,
4,
83,
8,
18,
1790,2660
27,
24,
3,
9,
29,
81,
70,
13,
216,
29,
12,
14,
37,
51,
3,
10,
246,
4,
101,
3,
5,
113,
14,
22,
108,
60,
16,
137,
24,
6,
16,
52,
135,
2940,
24,
60,380
92,297
6,
20,4
5,
9,
26,
17,
5,
8,
17,
7,
19,
3,
3,
3,
2,
74,
46,
15,
29,
25,
207,
58,294
61,169
43,10
8,
13,
17,2
15,
30,
20,0
11,1
9,
6,
3,
1,1
22,
28,
19,
12,
9,
2,
0,
27,91
59,493
12,
5,0
37,310
11,45
4,1
12,53
12,
4,
22,
13,
19,
2,
6,
25,
8,
6,
9,
5,
26,
13,
4,
5,
9,
8,
5,
8,
41,
94,
22,
6,
9,
17,
16,
12,
7,
3,
6,
4,
4,
10,
6,
3,
3,
21,3
23,2
16,1
4,
1,
27,208
10,
16,9
7,
23,1
16,2
3,
1,
18,
8,
3,
3,
5,
2,
33,
78,334
27,0
24,52
46,138
44,266
13,4
9,1
27,0
19,2
9,
12,
9,
32,29
38,42
14,
29,23
18,2
4,33
103,484
9,26
0,3
1,
1,
7,3
9,32
7,1
28,57
20,85
51,53
2,
1,
5,
1,
26,71
1,
13,1
2,
4,
52,167
3,0
0,
17,78
4,1
2,1
0,
82,282
56,347
4,4
1,3
9,35
33,37
4,3
153,275
4,5
25,86
26,470
9,45
5,9
10,3
1,0
0,
2,0
3,
5,3
26,158
23,8
11,62
3,13
11,66
6,24
12,72
35,24
4,12
20,185
3,1
5,
179,
17,
132,
16,
14,
69,
5,
15,
7,
30,
7,
8,
4,
38,
9,
7,
9,
34,
2,
28,
32,
8,
61,
13,
7,
0,
2,
11,
16,
25,
8,
10,
46,
11,
29,1
12,4
19,2
6,1
118,468
2,
15,127
10,7
14,2
2,7
2,0
49,43
9,4
19,24
247,366
4,2
7,9
4,15
7,1
22,2
117,642
51,889
9,2
6,67
18,165
1,1
18,50
5,0
4,19
0,
27,219
0,
38,593
31,129
49,341
21,136
11,58
9,21
42,77
3,12
5,3
24,27
10,24
1,
124,359
31,78
42,160
14,77
1,0
8,36
40,92
15,3
3,2
2,2
1,
3,1
28,2
1,0
8,2
11,104
1,0
4,8
36,39
8,41
2,1
0,0
1,4
4,3
0,
0,
1,
1,0
2,2
1,1
156,255
64,260
246,1306
3,1
13,38
3,1
7,4
15,325
42,677
17,107
8,1
17,91
4,1
6,3
22,0
5,3
12,44
19,
1,0
2,1
4,16
48,130
34,149
2,1
131,176
7,38
56,621
5,2
2,2
2,1
41,941
211,1234
0,3
4,
262,1437
40,203
70,693
3,2
3,1
6,26
34,6
3,13
1,
548,1775
29,21
368,2510
27,457
6,9
10,54
5,1
42,445
101,859
79,697
6,1
36,
80,111
7,11
4,9
11,3
20,254
4,1
0,1
21,29
106,101
33,283
2,1
6,1
4,6
2,2
2,6
5,0
15,30
4,5
5,81
135,226
18,98
7,49
21,21
20,34
6,5
17,79
3,7
6,2
28,9
5,2
4,7
545,416
2,3
22,50
46,537
44,129
18,12
11,20
11,3
72,909
87,246
92,223
174,572
18,2
241,1493
104,644
56,259
37,69
39,49
64,89
5,1
12,65
39,130
9,2
10,23
1,4
40,91
15,90
2,10
49,248
0,
17,66
15,20
17,11
70,133
2,0
52,251
26,48
154,155
4,4
3,
3,
2,
43,25
2,
42,53
2,1
1,
19,245
2,3
1,2
13,19
107,171
10,362
5,16
76,367
25,148
15,135
9,0
33,240
5,178
8,21
63,129
1,1
7,33
2,8
8,6
1089,20
35,39
29,21
43,55
26,0
86,196
18,22
24,61
138,307
50,204
10,11
39,187
8,14
18,6
9,12
1,
5,1
11,5
56,342
21,15
93,365
61,243
9,2
5,0
6,3
30,1
111,216
16,15
148,598
5,1
154,820
8,22
74,356
107,132
38,166
24,65
7,3
54,455
35,107
5,58
2,2
1,1
3,0
2,4
0,5
34,118
6,8
10,3
42,53
4,1
4,18
17,49
28,2
10,146
239,1150
36,143
66,346
13,19
13,13
6,1
41,10
4,1
6,2
5,4
116,504
6,4
6,44
0,0
7,21
3,0
61,474
48,547
2,1
7,34
1,0
14,97
9,83
9,65
184,288
2,1
5,13
16,65
1,
69,411
7,3
3,3
23,27
60,135
3,2
6,10
24,191
16,188
4,21
2,0
57,37
2,1
6,15
3,1
4,8
0,
6,1
10,1
8,35
51,94
0,0
0,
3,0
29,2
1,1
1,4
2,4
0,1
18,136
4,0
1,0
44,138
1,0
7,66
4,0
0,
1,1
2,0
2,2
5,4
110,276
5,3
5,25
5,9
5,35
7,31
9,4
26,187
7,40
302,797
153,928
14,0
9,20
18,26
33,204
41,355
12,31
45,199
10,2
234,1345
98,446
3126,5664
18,100
18,68
37,133
10,17
24,1
27,36
37,39
37,52
17,0
33,5
35,194
33,357
8,193
37,207
54,221
160,1055
24,97
13,0
17,3
68,259
20,26
25,41
6,0
51,230
45,453
18,15
90,923
35,50
55,243
22,179
105,776
31,99
46,109
26,29
45,196
131,863
39,112
43,75
53,112
17,175
1,
50,2
7,2
0,
1,0
272,26
39,2
84,21
18,5
31,11
76,19
49,5
30,1
14,0
29,5
15,0
61,30
19,3
3,1
1,
2,3
1,
81,
35,
2,
70,
4,
18,
2,
7,
4,
89,5
61,34
3,0
3,1
3,2
2,0
37,5
23,5
7,2
5,
54,
23,
6,
145,19
29,
74,133
3,0
4,
1,
2,
2,
20,
2,
12,
99,
13,
11,
15,
95,
5,
6,
5,
73,
20,1
3,
1,1
20,
21,1
4,2
10,1
124,
31,
7,
7,
5,
16,
6,
7,
197,
81,
27,
31,
22,
29,
35,
35,
87,
46,
61,
68,
38,2
10,1
1,
85,15
29,9
3,1
30,1
5,0
1,
5,1
3,0
1,
31,
3,
3,
79,8
31,16
108,11
10,3
32,222
3,
2,1
6,0
15,
830,
151,
61,
140,
40,
8,
79,
16,
41,
37,
1041,6952
65,
43,
31,
7,
95,
54,
28,
23,
70,18
15,
91,
83,
17,
31,
11,
10,
9,
21,
12,
31,0
7,
2,
9,
2,
1,
48,
12,
1,
62,
16,
5,
8,
77,6
2,
2,0
23,5
3,
4,1
4,4
27,2
3,1
53,
109,
38,
1,
11,
1,
20,
12,
12,
3,
30,
5,
9,
14,
47,
3,
8,
8,
4,
0,
13,0
2,1
0,
53,2
25,9
3,1
1,3
61,
9,
36,
1,
3,
1,
4,
19,1
24,
34,3
20,17
4,1
2,
1,
49,
12,
1,
80,
7,
14,
4,
3,
54,
16,
2,
2,
77,
37,
19,0
2,
5,
42,
14,
19,2
36,1
34,14
2,
12,
2,
179,8
203,984
84,2
29,354
5,1
7,5
2,
2,1
3,
2,1
35,
19,
82,
25,
52,1
18,4
25,5
14,
6,
4,
459,427
58,757
24,5
36,119
18,
58,
832,
34,
11,14
30,
1,
13,
37,
2,
2,
5,
3,
2,
1,
57,
41,
29,
2,
8,
17,
17,
6,
6,
255,16
5,
11,
180,
8,
12,
7,
30,
8,
23,
3,
18,
2,
8,
140,
12,
13,
12,
60,
44,
31,
5,
295,
15,
42,
8,
29,
4,
4,
207,
11,
6,
5,
140,
8,
21,
3,
1,
10,
23,
5,
4,
30,
39,
3,
15,
10,
16,
3,
8,
35,3
6,
7,
14,1
3,
49,1
11,1
8,1
8,4
22,0
10,2
2,
2,1
3,
28,0
4,1
2,
19,1
249,
5,
28,
9,
27,
48,
40,
89,
11,
22,1
4,
8,0
19,
8,
63,
7,
43,
5,
2,
264,
21,
3,
6,
26,
3,
7,
24,
33,
17,
8,
1,
10,
3,
4,
43,
0,
1,
0,
28,
6,
23,
12,
23,
1,
2,
1,
0,
2,
15,
63,
3,
15,
1,
27,
2,
3,
7,
17,
3,
83,
195,261
9,
106,16
173,2150
43,1
57,
1,
49,1
5,
1,1
33,
0,
32,
11,
93,199
20,6
24,15
3,
3,
82,
118,
36,
1,
9,
8,
14,
5,
111,
4,0
57,745
31,27
17,
11,
37,
5,
2,
0,
0,
38,
10,
4,
93,
3,
41,0
35,
6,
4,
1,
12,
196,
11,
34,
61,415
18,
56,
50,180
19,2
13,
22,
24,5
1,
5,
5,
79,
123,897
10,
28,13
1,
41,
3,
16,
7,
26,
14,
3,
29,
6,
1,
7,
1,
16,
1,
22,
18,
13,
12,
24,
4,
2,
1,
27,389
2,
150,48
0,
11,
23,
16,
27,5
33,14
16,
13,1
9,
0,
5,
398,
11,
25,
421,
1,
9,
6,
6,
10,
16,
19,
11,
4,
39,23
23,
13,
12,
2,
1,
8,1
7,
3,
1,
39,
9,
33,
7,
16,
7,
2,
1,
135,60
142,14
8,
28,78
71,
11,
272,2796
4,2
203,
15,60
46,
21,
9,
4,
124,
15,
5,
37,468
2,
3,
27,
134,1024
4,
9,2
5,
225,
22,
24,
39,
11,
1,
20,
61,
9,
6,
62,
7,
7,
41,13
1,
2,
2,
34,217
0,
40,
48,
0,
5,
0,
23,2
9,
10,0
2,
0,
0,
0,
37,
22,
3,
11,
3,
4,
13,
6,
5,
95,
0,
25,2
5,
0,
6,
10,
10,
0,
10,2
10,
27,157
29,2
6,
1,
12,
3,
2,
2,
21,
4,
14,
10,
14,
2,
38,
48,
9,
9,
24,
18,1
1,
16,
27,
19,
1,
8,
9,
10,
20,
1,
6,
3,
0,
0,
69,
2,
11,1
6,
18,8
2,
0,
1,
22,1
15,2
1,
2,
0,
3,
0,
2,
28,13
6,
0,
18,
26,
10,
10,
18,
4,
18,
49,
19,
6,
5,
34,
30,8
28,
57,
74,
53,
13,
1,
1,
1,
23,
12,
8,
0,
130,
18,
11,
2,
5,
35,
0,
0,
1,
0,
5,
40,
26,12
1,
40,
4,
5,
4,
24,
13,
4,
13,
2,
1,
40,
3,
36,
33,
1,
14,
10,
0,
0,
1,
2,
13,
145,
149,272
120,857
93,11
12,
42,
6,
180,285
66,
1,
3,
75,
11,
12,12
38,
4,
6,
4,
0,
18,68
1231,
53,
5,
28,
6,
15,
31,
17,
27,
96,
63,
8,
6,
56,
7,
33,
52,
49,
11,26
25,
29,
5,
120,
21,
14,
76,
9,
79,
32,
3,
37,
35,
11,
28,
18,
24,
55,42
17,
41,
12,
12,
78,
22,
22,
32,
30,
91,
5,
44,
6,
47,
19,
79,
104,
74,73
11,
0,
26,
29,205
3,
0,
9,
1,
7,
3,
0,
18,1
73,
10,
8,
1,
1,
8,
6,
33,9
3,
9,
5,1
23,
60,
6,
8,
3,
5,
59,
69,
7,
21,
2,
3,
12,
12,
8,
5,1
2,
46,
25,
58,
1,
24,
16,
36,
11,7
26,
6,
40,
13,
7,
2,
2,
8,
4,
14,
2,
4,
16,
1819,6897
1609,
44,
14,
5,
29,
31,
274,188
91,597
51,5
61,376
157,1529
31,
51,30
22,
1,
146,
302,558
187,2560
204,2354
25,
40,
338,
74,
1,
39,170
10,
45,26
77,
45,
13,
100,2
53,
127,
94,
52,
46,166
108,
85,
88,378
88,
21,34
27,
29,
80,14
83,
53,
0,
8,
40,45
25,
49,7
67,
23,4
27,
26,
26,10
12,
100,
28,
42,
81,
50,
21,
14,1
11,17
33,45
13,
4,
25,27
18,23
7,18
3,4
5,
140,106
129,1565
22,0
4,1
18,16
18,184
6,
39,2
12,12
21,135
5,2
5,2
20,5
13,8
109,461
11,2
18,75
48,562
136,119
72,348
20,100
14,1
4,1
4,
25,11
7,117
2,4
14,0
30,158
24,256
28,41
3,1
6,
45,143
17,138
6,48
107,215
78,927
3,1
6,
40,59
6,1
4,6
3,15
4,0
12,36
1,3
9,3
12,7
72,86
133,1473
7,8
25,11
22,7
2,
10,9
13,4
8,
10,8
5,1
4,2
74,102
16,75
3,0
32,3
13,44
3,
42,52
9,79
24,13
11,4
11,39
2,0
5,1
3,10
10,2
97,764
20,2
5,3
13,11
13,28
21,0
2,
19,1
10,22
11,0
3,0
182,335
177,1948
19,95
21,6
53,493
19,
3,
0,
14,2
3,
7,
21,6
8,
47,42
70,390
10,0
4,4
21,3
41,20
17,17
7,
1,
1,
8,1
4,
5,
7,32
20,1
15,1
11,
2,
18,2
10,0
6,0
7,3
9,1
8,0
19,
28,196
2,3
17,
20,67
66,14
8,0
6,17
22,84
7,3
14,3
26,
38,272
1,
210,351
1020,
15,57
6,0
14,
1,
4,
8,
14,0
8,
9,1
12,4
18,39
36,122
2,
13,0
2,0
2,
6,1
2,
3,
40,66
100,768
22,1
10,0
8,
1,
8,1
8,
9,
1,
12,0
4,0
27,22
13,4
11,1
5,2
17,6
10,51
1,
9,
6,
14,
109,
480,
68,38
65,301
1,
62,9
56,239
3,2
1,
16,1
6,0
14,
4,
7,
11,9
8,
4,
31,
14,142
5,0
7,0
28,0
17,39
3,
65,5
43,213
21,1
20,110
28,1
12,1
7,
18,27
13,5
220,243
106,524
48,283
45,72
25,4
7,16
5,
24,16
37,170
19,3
2,0
18,0
13,3
3,
17,2
6,16
6,0
9,
14,2
14,1
9,0
4,0
52,28
18,7
6,4
13,
10,
2,
23,9
17,
296,401
170,1252
20,1
41,
39,9
9,6
81,204
13,
41,1
6,
61,59
28,7
2,
0,
3,
75,9
8,3
5,
52,0
5,
9,1
0,
13,
5,
96,
40,14
7,
3,0
43,2
0,
8,2
0,
97,15
6,
16,6
6,
302,
25,8
15,3
9,2
8,2
12,4
15,1
13,1
4,
27,
38,6
3,
2,
385,100
286,1849
24,10
14,
17,6
5,
14,
125,410
97,438
12,5
5,
5,
337,142
201,933
101,427
92,562
17,22
68,41
0,
14,4
20,4
100,446
18,3
43,15
16,3
8,2
7,2
19,
8,
5,
52,7
203,
27,
147,730
19,
40,7
0,
9,
14,7
0,
138,22
24,235
13,2
74,46
5,
10,5
28,3
47,7
37,
182,268
43,5
85,
10,
123,
9,1
3,
11,
25,15
4,
86,574
37,7
111,6
3,
5,
1,
6,
541,759
560,4778
41,458
30,9
98,6
147,2
34,4
7,5
25,62
12,
18,0
13,
177,175
66,674
72,1
96,
21,4
1,
91,4
20,
4,
3,
6,
16,
2,
459,31
638,4117
127,
182,867
36,
9,
561,489
86,22
674,
120,282
17,4
7,
12,1
3,1
7,
42,3
15,2
19,4
15,11
226,7
192,
11,
9,4
40,
16,
11,
15,
35,
114,168
32,6
40,2
19,1
30,217
7,7
572,515
19,6
767,3820
284,2584
102,
10,5
40,627
8,2
3,
8,
254,
44,423
16,
7,
15,3
12,1
126,44
21,15
43,592
4,
10,12
231,
57,373
7,
17,25
56,63
17,203
9,1
0,
122,
19,3
15,
258,721
102,614
93,6
13,
79,63
12,3
193,481
39,291
15,9
49,314
8,1
8,
5,0
4,
23,11
1,
6,
28,
3,
84,2
99,
4,
106,
67,
2,
175,456
36,
69,507
27,24
4,
79,23
18,
14,1
48,21
3,
1,
5,
42,
23,340
7,1
2295,22463
47,503
78,
22,6
101,30
69,21
37,285
20,3
10,
1,
57,
10,1
8,0
4,1
7,
4,
159,543
30,11
30,2
4,1
48,324
12,7
3,
4,
9,
3,
4,
0,
132,
14,
7,
2,
5,
7,2
2,
547,44
29,5
336,1620
26,4
13,
55,
1,
1,
3,
2,
1,
2,
267,750
144,9
10,5
8,0
14,1
12,0
152,12
96,16
30,12
39,0
49,16
2,
52,15
66,414
116,
12,0
10,
22,2
19,
9,1
0,
88,15
35,272
307,416
22,
23,4
244,1636
4,
7,1
23,0
60,9
9,
4,
9,6
244,
81,
11,
6,
16,
32,
1,
88,700
19,
38,305
146,566
97,
9,
13,92
16,3
8,1
2,
17,
7,19
144,7
47,275
18,1
14,
54,45
5,
195,676
13,
7,1
12,
93,576
7,2
11,5
8,
3,1
131,
30,411
15,
11,
10,
134,509
31,4
3,
65,317
43,453
1,
96,166
49,568
9,
8,
5,
13,
2,
5,
78,
24,2
134,
21,
46,
9,
8,
48,2
6,
84,16
32,3
14,1
311,871
8,0
99,662
28,4
7,
25,5
88,274
57,377
921,477
646,3108
108,10
227,684
57,13
74,752
35,4
100,2
18,6
22,9
21,1
40,7
74,165
49,66
5,
5,0
18,
11,119
82,224
45,9
12,
6,
135,413
114,779
4,
16,2
4,
3,
136,581
26,9
24,10
153,1
131,687
3,
4,
76,342
10,
14,3
4,
2,
43,3
8,
6,7
9,2
16,90
4,4
6,1
2,
21,26
5,2
4,9
7,3
2,
136,87
154,1795
5,2
167,94
201,2028
76,335
12,1
5,5
2,2
3,1
7,1
18,1
5,2
6,19
6,1
4,
3,1
4,
40,63
105,769
2,0
1,4
1,0
5,0
2,2
7,19
4,0
1,0
5,1
3,2
1,1
8,2
3,
2,0
44,70
27,88
0,1
41,4
30,12
6,6
4,0
44,68
44,467
22,16
6,3
5,3
6,8
5,0
20,3
3,3
38,5
5,3
9,6
21,14
7,1
4,19
7,26
38,38
16,154
22,42
4,0
1,
5,1
3,0
1,
1,
29,2
59,174
3,4
3,0
15,22
31,169
7,6
15,35
15,66
10,1
106,115
2,0
109,724
2,0
4,0
1,1
5,8
4,1
1,1
83,62
7,1
81,411
1,0
14,11
5,2
18,82
3,0
21,67
4,4
49,291
17,66
7,2
6,2
21,7
27,2
4,17
33,165
1,1
2,0
2,0
4,11
11,1
10,5
2,0
3,1
4,1
12,1
19,20
2,1
7,
4,2
4,0
7,57
12,27
49,211
3,1
9,2
2,0
8,3
31,77
4,0
5,15
0,
9,12
8,15
0,0
1,
7,1
2,1
5,17
6,2
9,17
9,19
7,1
8,6
3,1
33,25
9,40
6,0
46,234
14,15
3,1
14,92
2,
19,52
2,1
6,2
7,0
6,6
20,65
6,5
49,101
2,1
9,2
2,2
43,61
3,0
23,34
18,8
62,7
15,4
1,0
279,1336
2,0
53,92
32,2
3,0
223,696
9,1
7,1
31,35
13,20
12,13
6,49
12,1
8,10
14,10
3,2
3,3
5,0
93,463
5,1
6,0
24,16
10,38
38,127
7,0
7,12
4,1
14,4
7,4
14,28
7,2
4,1
2,3
9,0
11,12
6,4
7,6
8,1
5,1
9,5
67,196
5,0
16,49
33,63
6,13
9,24
9,1
45,54
4,0
5,1
8,2
75,85
4,1
3,2
11,0
21,1
9,0
13,3
7,1
7,0
22,3
89,154
25,70
11,5
79,360
7,12
31,113
2,1
12,2
27,2
12,17
73,159
24,15
15,72
9,2
0,0
3,0
9,6
4,0
70,445
5,1
33,223
6,1
10,1
30,
5,1
17,71
2,4
2,
6,2
1,0
0,0
31,
224,
44,
15,
117,
79,
80,
35,
19,
13,
36,
13,
23,
71,
31,
46,
20,
12,
56,
20,
31,
49,
21,
27,
13,
40,
52,
40,
37,
25,
101,
22,
69,
36,
113,
30,
73,
25,
120,
11,
31,
13,
23,
20,
22,
33,
50,
56,
62,
29,
19,
27,
24,
42,
39,
12,
17,
32,
14,
24,
39,
110,
20,
39,
31,
41,
52,
28,
23,
24,
42,
39,
24,
24,
108,
40,
24,
20,
26,
24,
25,
36,
20,
28,
26,
8,
14,
24,
37,
58,
11,
27,
13,
34,
18,
15,
102,
0,
31,
76,
24,
16,
38,
41,
12,
38,
28,
79,
3,
11,
19,
6,
46,
16,
6,
11,
27,
19,
0,
16,
24,
19,
18,
7,
390,
10,
13,
31,
169,
8,
34,
162,
27,
23,
16,
12,
7,
8,
47,
12,
15,
14,
17,
80,
24,
6,
16,
18,
15,
64,
29,
80,
8,
31,
28,
55,
66,
35,
70,
30,
19,
6,
54,
26,
73,
84,
173,
110,
152,
23,
46,
31,
267,
13,
26,
234,
81,
77,
61,
124,
18,
85,
144,
24,
52,
36,
29,
108,
16,
71,
21,
12,
45,
54,
18,
24,
21,
30,
66,
22,
18,
87,
46,
14,
28,
8,
29,
247,
7,
27,
56,
156,
1284,
151,
134,
88,
210,
72,
125,
10,
23,
8,
14,
6,
3,
7,
8,
12,
11,
34,
25,
12,
6,
52,
103,
204,
13,
0,
38,
62,
6,
64,
347,
37,
60,
74,
20,
19,
108,
223,
0,
36,
20,
121,
35,
34,
19,
80,
173,
99,
149,
103,
48,
100,
33,
115,
73,
42,
28,
272,
13,
6,
94,
28,
19,
12,
30,
22,
17,
21,
49,
7,
13,
34,
70,
17,
49,
104,
0,
42,
22,
21,
0,
110,
59,
22,
115,
23,
47,
125,
10,
91,
20,
43,
75,
15,
51,
45,
21,
20,
13,
20,
13,
15,
20,
84,
22,
29,
13,
18,
25,
24,
0,
24,
42,
43,
38,
40,
38,
14,
42,
17,
30,
39,
13,
16,
0,
46,
44,
18,
60,
14,
16,
59,
10,
126,
25,
37,
41,
22,
16,
63,
45,
30,
23,
11,
14,
22,
92,
210,
192,
10,
7,
116,
60,
14,
182,
14,
55,
49,
93,
11,
32,
10,
7,
15,
43,
29,
28,
13,
12,
12,
79,
10,
13,
51,
18,
186,
18,
38,
36,
24,
194,
526,
29,
19,
26,
32,
29,
145,
50,
34,
2,
0,
11,
23,
17,
20,
20,
10,
18,
42,
26,
31,
25,
86,
6,
132,
24,
62,
27,
40,
55,
9,
22,
34,
13,
38,
37,
17,
14,
17,
10,
24,
32,
30,
6,
43,
10,
42,
33,
51,
68,
411,
18,
20,
79,
31,
171,
29,
28,
142,
93,
66,
36,
52,
46,
50,
181,
74,
10,
7,
9,
12,
20,
10,
17,
16,
0,
40,
16,
0,
27,
1533,
1464,8849
6,
14,
22,
2,
2,
259,1258
11,
8,
22,10
4,
114,
34,
37,
32,
3,
39,
43,
33,
14,
2,
11,
47,
14,
16,
3,
27,
13,
0,
9,
46,
33,
4562,
0,
52,
53,
124,
75,
44,
8,
23,
12,
0,
56,
26,
31,
0,
117,
6,
24,
147,
144,
20,
5,
29,
0,15
442,60
156,23
0,
209,
382,
35,
24,
0,
1,
14,
53,
55,
152,
4,
5,
1,
0,
1,
5,
12,
0,
0,
59,
144,
43,
5,
0,
76,
40,
4,
0,
15,
36,
61,
1,
0,
114,
37,
72,
11,
6,
0,
13,
48,
82,
9,
9,
3,
22,
0,
0,
14,
0,
1,
39,
51,
75,
30,
0,
0,
36,
45,
5,
22,
5,
8,
2,
127,
37,
116,
0,
0,
0,
18,
908,
53,
34,
30,
21,
35,
0,
15,
2,
180,
154,
46,
4,
29,
62,
67,
146,
80,
17,
16,
7,
2,
7,
8,
12,
13,
32,
38,
25,
0,
7,
34,
15,
0,
3,
0,
2,
8,
2,
16,
4,
19,
4,
12,
6,
3,
58,
70,
0,
0,
0,
3,
0,
0,
3,
6,
75,
5,
8,
52,
29,
6,
4,
3,
330,
850,
59,
9,
11,
16,
44,
35,
107,
15,
38,
48,
44,
5,
3,
0,
3278,
57,
84,
46,
111,
65,
139,
49,
64,
17,
24,
6,
30,
69,
28,
34,
52696,
162,
51,
164,
53,
4,
0,
0,
12,
7,
141,
74,
173,
3,
1,
0,
5,
23,
255,
471,
0,
14,
14,
42,
0,
4,
3,
12,
27,
46,
19,
128,
35,
0,
0,
26,
81,
92,
17,
14,
3,
21,
10,
23,
4,
16,
4,
1,
32,
7,
12,
46,
62,
25,
38,
4,
17,
17,
12,
15,
50,
6,
41,
13,
13,
36,
53,
0,
0,
22,
27,
108,
0,
0,
39,
23,
43,
35,
138,
3,
0,
33,
20,
12,
6,
64,
25,
188,
89,
126,
26,
33,
30,
26,
12,
9,
0,
18,
0,
86,
4,
6,
0,
0,
187,
13,
25,
29,
45,
35,
11,
0,
21,
19,
0,
9,
48,
24,
3,
11,
2,
0,
3052,
25,
12,
21,
46,
29,
4,
14,
15,
16,
1,
3,
89,
102,
10,
139,
69,
57,
20,
0,
10,
3,
44,
72,
4,
0,
2,
7,
83,
76,
10,
23,
13,
9,
0,
10,
27,
1,
27,
4,
32,
0,
45,
3,
5,
5,
12,
80,
17,
1,
0,
0,
7,
361,
62,
190,
270,
222,
68,
64,
681,
40,
57,
46,
22,
23,
26,
19,
28,
19,
22,
35,
26,
21,
23,
29,
27,
25,
45,
48,
144,
78,
3,
37,
51,
39,
34,
2,
68,
26,
31,
5,
4,
4,
5,
30,
13,
5,20
2,0
147,
9,
2,2
20,43
1,1
87,71
34,288
79,335
4,
36,
4,
7,0
10,
49,
0,
108,735
42,215
21,
3,0
25,429
44,2
30,67
19,173
127,
3,2
21,4
70,36
18,2
23,92
2,12
27,25
39,
31,
14,0
100,55
42,
4,
113,310
37,73
50,208
50,56
10,
17,0
17,0
78,2
65,96
30,
20,
15,
4,1
34,118
230,468
63,
21,3
6,0
3,0
23,94
150,557
82,886
41,160
27,327
37,143
109,187
25,83
79,456
10,1
32,1
10,
12,2
18,65
23,82
11,3
117,79
9,
9,
11,4
161,186
68,383
67,1109
17,5
59,
32,
1,2
40,81
11,5
14,
22,
43,67
11,0
25,
26,
16,38
11,
22,2
9,
26,9
50,14
22,2
61,593
97,69
7,1
15,160
5,
31,134
43,
73,22
34,212
35,
40,4
14,
16,57
229,255
75,567
28,317
37,68
4,
29,72
22,
46,
57,253
40,74
60,9
695,5390
9,1
11,0
43,163
10,
26,29
14,0
10,5
4,8
11,17
59,429
51,153
40,254
12,0
67,18
3,0
3,0
119,144
44,268
7,1
55,
426,2700
118,
44,720
39,162
30,493
19,
35,416
40,3
74,525
27,316
18,354
6,0
17,62
60,
99,573
2,1
29,2
20,62
4,0
5,0
83,265
20,303
153,
36,51
3,
35,90
17,3
8,1
2,
1,
134,314
113,1005
6,0
15,5
58,1106
19,
13,274
26,
39,
47,395
2,1
262,915
11,2
201,2491
6,0
12,6
399,556
39,350
24,
8,
24,72
9,
50,
29,
0,
3,
28,0
22,94
22,29
22,
18,7
5,3
42,152
72,562
13,0
10,1
8,
26,282
6,
9,69
67,66
32,244
193,372
54,73
8,0
33,0
17,14
92,119
16,57
17,48
50,477
1,
125,62
54,238
16,
22,4
31,108
31,4
17,61
1157,6826
1785,5657
27,71
20,98
9,3
2,0
12,7
3,0
17,19
15,20
4,2
3,1
3,5
13,2
1,1
41,43
40,165
2,0
12,18
20,47
11,2
2,1
10,27
18,124
44,
3,0
1,
6,1
4,3
11,1
3,0
35,7
19,152
4,2
1,
8,1
1,
2,2
1,
6,3
4,0
110,57
55,230
67,11
38,
10,1
11,3
57,89
50,
3,3
4,2
10,2
4,2
29,223
45,393
7,1
15,
22,147
3,2
1,1
4,2
7,
2,8
230,76
93,
242,1677
11,23
19,48
14,4
5,1
2,1
41,46
222,
6,27
2,
5,1
1,2
2,0
14,7
5,3
31,6
22,3
4,0
77,136
13,67
5,25
56,304
1,1
2,1
5,2
11,3
2,2
2,3
44,43
25,159
37,
0,
1,
46,97
2,2
4,2
31,12
15,6
11,35
16,4
0,1
1,0
18,4
1,
32,7
123,
1,0
1,4
4,1
2,1
30,141
16,30
20,14
6,8
5,1
4,0
3,0
6,2
34,96
38,
1,
5,0
4,3
5,3
16,9
1,3
11,6
0,1
1,
2,2
0,
6,0
10,5
3,1
4,0
9,6
7,2
20,2
13,45
2,1
27,32
10,68
3,2
39,27
50,220
1,
1,1
13,8
1,0
3,1
25,2
8,
26,
20,
5,
72,
12,
22,
9,
15,
1,
6,
10,
12,
2,
2,
16,
7,
21,
33,
8,
4,
2,
14,
3,
12,
2,
5,
3,
35,
11,
13,
12,
1,
1,
5,
0,
1,
68,
32,
7,
3,
22,
7,
2,
40,
15,
23,
5,
21,
2,
26,
17,
25,
4,0
1,0
13,97
13,7
9,31
19,4
8,2
28,111
12,97
7,2
55,126
10,7
38,
11,0
2,
3,4
10,3
6,4
1,
13,0
12,63
10,4
82,12
91,675
13,2
6,4
3,1
4,0
4,0
21,28
20,51
17,6
8,2
5,0
20,43
14,81
8,9
2,0
591,
38,
45,
157,804
126,
23,9
1455,10129
29,
33,
21,71
11,7
7,4
4,1
6,4
5,30
3,1
6,2
17,123
18,85
26,443
7,2
2,1
3,1
75,134
3,3
3,8
9,3
15,7
0,
0,
26,17
5,1
31,201
2,0
5,1
25,
8,
5,1
1,
95,114
21,162
127,704
7,1
8,39
35,187
5,24
48,458
4,1
7,3
8,20
4,1
8,4
18,
40,
3,3
30,238
84,
14,136
1,
4,2
11,23
16,2
11,22
4,3
3,
13,19
43,
47,
16,
4,4
5,
1,
7,15
33,67
3,0
17,140
8,7
46,148
30,161
1,
4,1
13,44
11,39
6,1
26,70
6,3
66,337
10,2
1,
30,15
24,94
3,1
4,1
2,2
2,4
3,1
9,53
1,1
1,2
582,415
205,
19,53
43,
19,9
1037,
44,158
31,
34,114
79,530
5,9
77,112
22,120
20,105
59,
86,
12,24
2,7
28,24
4,4
5,2
8,1
10,20
3,2
35,5
27,186
4,1
43,3
17,6
81,3
96,289
9,0
451,2038
29,5
18,103
65,175
42,3
17,28
54,307
18,
31,3
75,43
28,9
3,0
26,0
13,7
10,0
57,
6,0
22,140
11,4
4,2
8,1
89,143
8,0
35,358
8,42
6,
31,196
32,73
32,128
38,15
21,1
9,
5,
253,302
133,816
48,573
135,439
9,77
12,12
41,851
18,145
11,82
7,2
18,
6,1
22,10
4,0
47,4
15,98
148,487
36,207
34,216
6,0
150,1976
11,121
10,6
12,155
8,48
43,68
11,118
85,197
91,703
91,
41,591
7,
21,7
2,
289,49
30,11
306,1725
20,87
9,1
7,
95,978
4,0
91,115
35,46
29,153
13,19
179,145
95,783
40,165
22,0
63,77
8,3
27,317
318,
322,1522
19,119
11,89
40,298
6,1
6,5
8,17
2,5
7,0
47,120
40,84
12,20
775,673
161,749
1157,7638
36,142
24,177
20,42
14,8
7,2
53,29
3,1
11,96
4,4
87,194
32,315
15,41
28,441
11,34
3,3
34,161
31,136
13,
4,
31,43
26,15
595,1020
183,1092
35,132
182,1085
84,617
0,1
25,3
0,7
3,0
0,2
8,14
47,340
5,
85,186
49,335
48,161
5,0
9,
8,0
12,
9,
10,
4,
6,
1,
2,
2,
1,
6,
5,1
22,
16,
44,
14,
14,
12,
13,
14,
15,
5,
17,
12,
14,
10,
4,
18,
12,
13,
17,
2,
18,
1,
8,
10,
17,
17,
17,
9,
11,
48,
9,
6,
55,
54,
7,
53,
17,
31,
12,
16,
5,
20,
46,
3,
37,
25,
25,
6,
2,
9,
8,
19,
30,
38,
26,
24,
31,
23,
28,
10,
15,
5,
7,
41,
5,
3,
17,
17,
3,
4,
2,
9,
15,
8,
10,
3,
13,
1,
17,
8,
11,
15,
3,
4,
21,
5,
2,
3,
30,
2,
1,
6,
4,
8,
4,
2,
13,
1,
3,
2,
8,
3,
9,
2,
1,
2,
3,
1,
18,
11,
11,
19,
3,
3,
12,
13,47
5,
16,
9,
9,
20,
8,
4,
2,
4,
4,
4,
2,
2,
2,
11,
4,
2,
1,
2,
3,
3,0
8,
26,
31,
6,
7,
0,
14,
5,
4,
31,
176,
8,
6,
29,
3,
15,
25,
8,
11,
17,
5,
2,
12,
6,
20,
10,
3,
5,
1,0
10,
14,
1,
3,
3,
4,
67,
10,
18,
14,
3,
3,
8,
1,
2,
2,
2,
5,
3,
4,
1,
13,
7,
2,
10,
130,
16,
67,
58,
42,
36,
61,
13,
11,
32,
49,
1,
19,
20,
15,
16,
6,
25,
48,
5,
17,
23,
20,
15,
4,
18,
18,
35,
26,
5,
3,
6,
1,
17,
29,
24,
23,
4,
10,
1,
4,
5,
34,
5,
2,
10,
4,
17,
3,
2,
1,
5,
43,
21,
10,
6,
3,
1,
2,
2,
1,
13,
3,
6,
5,
1,
2,
2,
5,
2,
2,
12,
1,
12,
2,
8,
6,
12,
9,
7,
4,
4,
5,
6,
5,
1,
13,
8,
24,
21,
30,
19,
13,
22,
15,
8,
12,
11,
9,
32,
2,
47,
64,
36,
20,
23,
3,
7,
13,
2,
11,
33,
23,
1,
10,
7,
2,
4,
7,
26,
6,
8,
17,
4,
4,
7,
1,
19,
9,
3,
2,
11,
14,
4,
11,
9,
16,
1,
2,
2,
2,
2,
18,
23,
3,
4,
6,
3,
9,
5,
7,
1,
5,
5,
28,
9,
3,
2,
7,
4,
4,
4,
13,0
23,23
27,5
13,0
25,
16,
10,0
10,6
2,
14,
3,
11,
24,0
24,3
2,
165,
7,
65,
13,
14,
43,
52,
15,
3,
6,0
59,
14,
1,
5,
18,
9,
96,
11,
9,
1,
18,
15,
5,
10,
12,
11,
82,
18,
5,
34,
22,
1,
5,
5,
16,
20,
7,
9,
46,
13,
37,
10,
37,
9,
18,
4,
8,
24,
145,
16,
14,
5,
3,
3,
7,
16,
11,
193,
81,
7,
8,
9,
5,
1,
8,
4,
3,
16,
27,
4,
1,
4,
1,
2,
3,
2,
35,
2,0
8,
6,
3,
12,
4,
5,
2,
22,
1,
3,
7,
9,
1,
1,
10,
17,
5,
161,
18,
6,
5,
8,
2,
6,
7,
7,
3,
2,
2,
12,
4,
4,
2,
3,
21,
19,
17,
18,
78,
19,
13,
16,
15,
17,
7,
9,
37,
21,
21,
4,
5,
23,
19,
17,
19,
8,1
41,
6,
26,
12,
38,
7,
8,
5,
7,
2,
1,
10,
44,
9,
9,
7,
7,
9,
4,
10,
7,
8,
2,
236,
10,
7,
22,
21,
5,
51,
22,
5,
42,
4,
31,
4,
2,
2,
5,
4,
17,
21,
1,
14,
9,
4,
80,
4,
4,
2,
2,
5,
7,
3,
19,
1,
5,
7,
3,
13,
3,
7,
6,
3,
2,
2,
21,
1,
4,
7,
6,
12,
13,
12,
6,
5,
1,
11,
3,
10,
52,
3,
1,
9,
2,
18,
3,
3,
5,
5,
2,
9,
12,
33,
5,
1,
7,
7,
1,
10,
1,
2,
9,
4,
14,
15,
1,
10,
13,
20,
59,
48,
109,
14,
10,
4,
77,
8,
21,
28,
21,
48,
16,
36,
19,
152,
34,
19,
32,
45,
81,
5,
51,
57,
30,
5,
9,
6,
50,
26,
90,
42,
31,
41,
38,
7,
13,
31,
30,
3,
21,
10,
7,
13,
11,
32,
12,
4,
28,
4,
3,
9,
8,
11,
25,
161,
66,
11,
13,
14,
37,
15,
36,
16,
1,
22,
17,
11,
5,
1,
6,
4,
3,
9,
24,
9,
8,
5,
11,
19,
12,
1,
1,
6,
3,
6,
6,
6,
2,
2,
11,
4,
1,
1,
1,
5,
4,
6,
23,
9,
8,
5,
9,
2,
3,
2,
2,
1,
6,
2,
5,
1,
3,
2,
2,
2,
2,
2,
7,
4,
3,
7,
3,
2,
6,
1,
2,
2,
1,
7,
5,
2,
1,
10,
15,
23,
22,
3,
2,
20,
2,
18,
7,
23,
33,
6,
7,
6,
1,
3,
21,
2,
13,
2,
1,
4,
1,
5,
24,
1,
5,
9,
5,
23,
38,
4,
14,
14,
18,
12,
3,
34,
22,
23,
6,
9,
9,
1,
2,
2,
2,
5,
2,
11,
1,
1,
2,
4,
3,
17,
9,
2,
9,
28,
120,
23,
35,
21,
30,
12,
55,
13,
11,
15,
10,
50,
25,
18,
16,
1,
10,
7412,
1064,
12766,
33,0
50,29
30,31
72,156
37,2
207,672
60,117
19,10
19,3
41,56
97,229
38,30
41,77
14,0
42,71
180,467
57,95
103,215
79,99
44,172
81,88
171,700
526,790
28,10
54,133
113,417
13,3
20,9
27,3
32,36
53,56
62,129
70,7
63,107
18,4
19,1
25,0
8,
37,4
656,
22,74
3,19
5,17
242,1324
144,690
89,379
1,2
5,13
2,12
1,0
2,0
14,12
6,33
24,
313,1434
120,850
1,50
13,77
18,33
3,3
14,57
11,69
11,55
3,0
89,176
17,155
7,51
309,553
49,304
57,90
25,154
184,694
32,280
2,
95,505
5,0
30,138
40,118
1,0
720,706
510,732
171,479
23,
22,39
413,3115
112,442
9,22
42,391
102,129
29,113
4,42
3,9
61,318
30,240
6,42
5,7
30,209
7,0
72,746
31,541
40,558
3,1
27,370
4,14
6,59
273,405
11,20
2,
11,11
8,9
1,
55,237
19,58
254,1059
106,1774
25,166
1,1
7,1
3,6
1,
146,513
7,
41,335
550,4310
31,114
249,2040
82,754
57,174
53,372
21,287
144,452
55,734
7,71
6,55
46,111
10,56
12,107
3,
8,1
5,2
58,553
287,2655
15,62
308,1571
154,807
23,11
1,
23,120
13,39
77,503
36,295
7,1
140,1316
108,443
28,389
27,194
14,92
439,1417
28,186
76,374
61,444
57,669
6,3
28,329
3,2
7,37
9,39
4,5
4,0
39,32
6,25
72,119
21,212
19,97
33,207
4,2
103,343
30,237
4,58
183,837
14,49
5,42
2,2
123,485
3,9
3,4
3,10
2,1
6,15
5,20
1,
2,0
179,430
10,105
43,201
62,620
16,42
15,115
645,2424
442,3050
34,405
62,124
11,51
1,6
346,2084
143,1740
12,18
19,24
9,
10,2
18,3
13,25
11,31
201,571
154,951
49,180
32,319
4,12
76,96
4,3
3,
209,1722
26,100
64,80
195,1110
41,357
27,1
4,0
26,5
26,8
4,2
4,74
3,3
1,
2,
2,
1,
25,12
53,83
62,4
57,440
4,
6,49
1,
16,2
13,36
2,1
22,17
2,0
4,3
3,1
2,1
15,28
21,157
13,10
52,252
4,0
13,4
0,
9,3
41,466
9,3
5,1
6,11
3,
1,0
4,
4,
19,
8,33
17,4
9,
7,
5,2
3,
1,
2,
2,0
6,11
2,
4,0
4,1
3,15
3,3
58,7
41,188
3,0
2,1
2,
1,
3,2
1,
3,
1,2
4,1
2,
2,0
6,1
15,0
14,44
40,30
18,3
7,1
31,131
3,0
24,76
6,3
4,1
7,5
0,
5,0
9,0
4,3
11,1
50,49
18,4
2,1
5,1
4,0
4,2
233,162
290,2977
14,0
10,3
8,8
421,283
168,1622
16,73
8,2
3,1
2,1
35,9
7,4
3,2
1,
14,5
6,0
3,4
0,
3,0
10,1
10,23
2,1
28,1
4,1
4,0
2,1
2,0
8,3
13,4
14,24
35,50
31,224
3,
174,199
44,267
9,57
79,511
5,1
104,145
51,514
2,0
60,40
20,4
1,0
41,12
0,8
307,830
51,393
64,346
4,0
220,588
112,1851
3,2
87,206
5,35
31,222
6,2
6,1
34,23
10,2
71,58
18,57
5,4
22,45
2,1
1,2
0,
134,191
42,400
90,213
17,267
7,0
6,2
49,40
16,55
85,140
10,66
7,25
24,20
8,2
81,235
31,426
117,187
38,264
38,471
39,30
3,72
5,15
1,3
0,2
0,0
114,332
46,373
1775,16571
18,2
23,0
57,403
31,38
8,8
1,2
51,56
15,105
4,0
139,127
66,497
2,3
5,24
91,60
65,574
12,27
1,1
93,61
10,25
4,0
7,0
3,2
19,58
8,4
50,130
9,63
77,117
26,200
3,1
12,
7,4
2,
81,57
31,171
32,109
22,70
7,14
4,8
4,0
4,0
8,2
71,64
27,298
2,
11,7
2,0
43,115
3,1
3,0
7,26
171,555
55,527
3,1
2,2
40,113
5,25
7,14
104,402
87,1375
400,423
563,5711
49,390
20,0
17,2
37,248
20,177
25,185
48,59
70,60
24,108
6,6
3,2
3,1
0,0
53,136
23,251
0,0
118,411
14,148
1,3
7,12
11,7
47,78
40,181
68,178
34,213
3,1
69,133
37,145
1,0
1,1
50,181
17,42
27,34
6,0
48,45
14,57
5,17
5,3
48,44
4,1
103,316
30,147
11,56
12,39
5,1
49,58
9,24
1015,1861
490,5441
21,11
5,8
7,25
59,56
29,143
7,2
0,0
90,97
39,370
5,5
1,1
4,2
34,18
14,99
85,158
28,174
106,217
27,185
17,24
88,299
34,725
7,13
12,71
4,1
4,1
38,102
17,57
7,20
60,56
24,79
5,0
282,165
257,1440
72,112
9,5
5,7
8,59
9,3
52,39
31,123
7,3
2,0
1,2
162,210
99,646
20,42
65,324
35,102
6,2
83,336
20,288
20,128
6,11
9,2
392,385
353,3630
31,27
50,159
6,2
69,46
40,337
8,24
3,1
5,2
2,0
1,
57,27
22,38
29,25
17,15
64,131
7,1
166,132
93,585
15,142
10,12
6,4
57,117
19,140
10,2
5,5
79,154
22,80
13,21
14,55
17,260
166,156
42,281
15,45
0,0
0,2
5,1
474,429
300,2983
110,762
71,413
2,
57,72
16,91
49,68
12,79
212,297
55,55
72,839
74,178
4,0
1850,1167
127,656
127,378
44,422
159,836
57,51
12,47
4,2
6,1
55,37
2,1
3,14
318,732
85,630
158,2220
8,10
290,323
98,456
33,227
25,91
144,633
11,1
16,63
108,210
31,417
18,45
4,0
8,6
23,0
47,64
45,60
16,63
60,116
4,4
2,1
23,8
2,10
112,158
36,380
206,529
170,2184
21,86
50,50
6,5
5,0
4,0
43,55
9,2
40,171
5,2
6,1
2,11
85,75
17,161
323,143
144,642
22,104
80,221
13,20
266,211
129,606
4,0
77,391
2635,24343
70,
21,13
110,
20,5
102,253
4,
69,
40,159
31,2
1,
2,
7,
113,
30,
11,
11,
55,
12,
23,
27,
14,
65,
199,
28,
34,
9,
7,
69,
28,
48,
56,
285,
196,
9,
5,
1731,
33,
24,
28,
53,
14,
15,
19,
14,
19,
14,
43,
51,
32,
31,
11,1
4,
43,9
8,
45,
9,
20,
97,
335,
77,3
60,3
36,18
46,14
69,
28,8
227,903
10,
17,7
12,9
4,
261,
181,
204,43
36,6
3,
37,
12,
70,11
2,
60,610
11,1
43,
10,
147,32
36,196
20,1
101,1
64,4
23,108
15,
2,1
11,
443,
317,2113
7,5
173,1206
19,
19,1
9,
46,
37,28
5,
9,1
8,
2,
20,5
13,1
4,
50,14
17,
6,
23,4
7,
21,9
77,154
42,4
13,28
0,3
26,
18,2
6,
7,
3,
513,188
197,
26,4
299,1336
277,823
585,3192
41,5
70,331
25,103
14,1
31,70
10,0
4,
9,
53,49
8,
309,
85,16
53,52
64,
27,7
1,
16,0
15,
15,
1,
3,7
6,
16,3
71,4
60,417
207,
92,448
68,188
0,342
64,31
96,18
477,
422,1652
72,38
525,
64,413
311,1964
255,1073
45,83
32,7
56,13
117,511
28,5
21,
40,10
22,1
621,16
11,
224,1415
18,1
218,1345
134,520
42,1
37,4
8,1
43,0
24,
13,
15,3
52,65
16,125
7,
71,
10,
38,4
6,
30,2
13,0
13,1
4,
6,
142,
197,
229,9
17,
6,
90,2
11,
31,2
89,3
991,13
1412,1348
45,
66,2
30,
4,
13,4
13,
10,10
6,2
5,
786,5001
146,272
42,
104,25
78,49
190,6
7,
6,
16,
25,2
27,
36,2
36,
19,2
39,
7,
46,7
77,
193,112
21,
24,
44,
168,94
111,12
26,0
43,
54,
5,0
57,
43,
182,
3,
58,255
10,
91,168
15,
0,
6,
4,1
256,
19,9
49,10
214,1669
20,1
23,38
223,
90,
42,1
64,
5,0
3,1
38,27
10,2
10,1
13,2
4,1
12,0
2,
70,
8,1
4768,
220,
56,
90,71
22,
83,
28,6
101,1
369,1731
40,
43,177
24,
58,
44,
65,
30,
86,444
13,1
22,5
14,
108,3
56,
7,
12,
6,1
359,
17,0
164,
31,10
8,
19,5
10,1
4,1
794,28
41,481
47,627
220,
38,
39,
154,
60,505
97,
25,60
17,2
15,1
15,
75,133
37,9
7,
28,2
35,13
138,156
44,1
66,11
39,4
50,1
18,
61,32
47,882
42,0
140,3
19,
75,15
7,
35,
30,162
31,
10,
35,9
10,42
24,
29,1
5,
392,
318,
26,
39,7
151,169
41,
125,52
20,
93,15
64,406
13,2
12,0
35,
6,10
9,1
7,
1,
62,3
191,215
43,118
59,464
62,235
5,
111,
62,263
2,
14,
63,
2,1
82,
6,2
28,
20,8
2,
2,1
32,122
129,
34,17
18,28
4,
40,1
47,4
95,142
30,
31,11
27,
76,
8,2
13,
11,0
10,
494,208
4,2
5,
18,
13,4
21,
4,5
1,
15,3
485,309
29,50
12,
36,85
27,7
10,1
33,0
334,3093
42,3
3,
13,
31,5
14,3
22,6
0,
75,
59,470
83,
9,5
14,5
4,2
207,
68,
14,4
11,1
18,
15,
32,3
6,
923,
16,5
26,195
19,
16,1
52,1
28,99
10,2
24,
6,10
4,5
2,
83,151
2,1
86,478
130,92
56,170
5,1
4,0
43,4
31,146
294,
660,5055
33,
29,
5,
22,6
12,
131,28
18,8
58,156
8,0
31,66
11,5
57,
61,
21,76
131,349
78,
2,0
9,0
3,1
30,5
106,188
28,242
15,3
8,5
202,18
413,2210
35,
209,
29,2
31,0
11,1
31,3
5,
42,
6,
35,25
3,0
16,
124,27
26,114
23,0
19,2
30,6
8,2
7,1
1,2
76,255
43,276
9,1
5,1
20,6
20,2
65,
23,
14,
47,170
6,1
5,
5,35
12,1
41,
24,20
37,0
23,147
13,
4,
382,
8,0
24,5
238,1574
11,1
109,
36,9
20,6
16,68
5,1
9,
11,3
1,
14,5
1412,32
882,6720
34,
129,356
50,
10,4
39,37
16,
2075,14568
150,88
7,
33,
211,6
189,736
23,
49,
45,11
16,
18,1
45,
88,
16,131
66,
230,
274,1849
5,
6,1
33,
24,72
6,
59,8
46,15
174,
1728,453
2469,15160
14,4
25,
9,
5,5
0,10
17,
19,12
73,
55,
5,
70,
87,
82,89
10,2
9,
11,3
205,160
150,1164
72,3
67,505
22,8
13,13
11,
31,2
20,
64,13
38,205
319,1
576,1908
78,157
43,257
32,10
24,2
187,
24,
12,5
17,30
282,
18,
26,8
38,1
25,
566,374
2,
129,266
52,
40,
81,6
7,
82,9
21,8
25,
23,51
34,1
72,
3,
19,
7,
22,
16,
34,2
22,61
6,3
16,
3624,17911
6337,48427
3362,
70,
79,5
31,88
13,
1,
2,
8,3
138,
83,413
11,
11,
48,73
17,221
5,34
4,
5,0
291,53
57,106
38,116
110,866
23,124
25,12
31,98
29,78
8,20
11,5
19,65
22,157
25,95
64,61
14,151
40,
30,
25,89
79,3
44,
5,
5,
8,
29,
13,
52,3
8,0
1,
56,111
14,5
4,
10,
483,2561
88,708
647,4825
79,517
147,748
153,1162
54,255
65,358
13,6
8,
246,1329
47,2
46,13
32,
5,
3,
64,
8,0
1,
6,
4,3
1,
59,3
16,3
0,
4,5
105,
38,
114,
46,
17,89
89,74
7,0
403,182
52,9
58,
115,
24,
37,156
158,510
43,121
38,
27,
11,
14,
17,149
11,
27,171
68,11
28,
167,64
160,658
31,17
5,2
9,0
32,257
15,
18,0
6,1
169,1335
45,169
24,109
21,87
22,420
11,148
11,2
64,192
14,24
5,3
2,2
1,
5,1
184,720
71,53
29,101
46,203
6,1
24,45
445,1367
85,394
22,5
93,276
26,160
18,4
124,178
48,14
6,1
48,156
6,0
26,41
76,209
15,69
2,2
72,129
1,
43,68
12,1
20,13
40,77
623,3565
30,33
10,13
13,9
102,36
52,196
22,37
37,30
2,1
3,1
44,185
16,5
9,43
1728,7214
71,56
50,42
171,94
1,
25,51
37,42
47,36
105,396
26,254
141,437
4,1
2,2
37,69
7,7
3,0
1,0
5,3
96,353
55,40
34,91
2,2
39,142
36,23
36,77
40,87
5,15
273,569
28,113
826,5240
132,596
13,1
59,45
26,36
7,1
110,320
21,13
54,105
35,39
10,15
41,20
5,14
0,
34,52
3,9
6,5
681,1342
96,315
7,1
20,14
63,175
4,23
19,17
5,
4,2
29,31
19,28
52,95
10,13
8,3
1,0
23,107
27,54
119,220
72,118
67,379
28,108
46,84
85,23
6,1
7,28
35,44
25,40
14,44
7,1
1,4
43,49
17,47
7,0
71,82
13,83
5,5
5,4
71,127
129,130
3,1
3,8
2,4
46,165
33,20
29,98
76,129
118,176
37,72
787,3070
0,
6,5
12,16
1,0
53,571
32,299
8,1
21,4
21,5
4,1
87,330
25,112
156,879
41,219
1,0
21,1
82,128
9,0
5,2
4,0
6,1
7,1
6,4
52,89
15,2
4,2
37,126
5,1
3,4
68,137
6,15
19,115
18,35
6,0
51,74
19,195
5,5
6,14
67,75
253,327
251,898
15,9
45,24
14,13
74,249
20,292
1,0
24,65
16,38
3,0
75,94
52,245
93,358
27,50
4,2
2,0
43,38
10,19
69,172
3,24
13,53
7,34
4,1
6,1
13,25
44,84
28,100
1,
82,598
27,33
413,1418
73,215
17,7
136,370
577,3373
11,23
58,687
26,84
131,995
79,109
44,38
34,162
96,460
39,194
377,1078
127,510
86,147
189,1131
48,156
603,1824
783,2143
22,130
112,270
274,1341
48,92
851,1261
291,2289
31,211
64,252
233,769
938,4430
59,159
43,100
86,391
3,0
17,4
8,0
33,281
13,3
9,2
8,11
3,1
16,79
133,351
31,88
49,400
20,75
34,111
18,60
16,50
5,3
17,4
4,1
4,0
1,
1,
32,172
7,2
3,2
24,22
11,53
12,20
8,2
2,0
0,
3,0
18,44
8,32
51,170
4,0
4,2
5,2
1,0
3,
21,123
27,55
8,6
8,1
11,96
19,1
8,28
36,185
7,3
7,1
11,1
19,89
28,86
11,3
6,0
6,7
2,0
5,0
1,0
57,31
28,63
27,24
17,25
22,42
21,31
17,23
18,15
21,42
50,29
34,47
24,52
4,0
31,14
16,181
1,0
86,184
118,1363
79,728
15,1
24,55
74,89
50,213
45,219
63,228
10,48
24,169
230,650
28,235
32,58
265,2634
23,112
12,2
9,0
9,37
66,193
30,189
71,695
5,1
7,0
12,175
37,58
24,105
23,2
2,
81,46
8,37
91,657
15,0
127,178
17,243
46,508
30,60
5,1
7,4
6,0
3,5
5,3
79,133
51,586
10,0
26,73
4,
9,3
6,
0,0
10,5
7,0
72,43
38,64
2,
3,
42,77
19,97
270,1059
133,732
221,1969
97,242
32,3
62,198
207,2406
147,635
36,118
10,0
0,73
123,464
157,1645
10,3
11,1
3,0
49,138
14,4
11,1
12,28
29,1
94,1098
10,0
23,4
0,
0,
0,0
155,746
67,271
21,7
74,461
14,4
69,24
25,106
25,19
20,6
37,108
243,988
72,594
25,306
25,153
29,85
80,47
32,235
6,20
3,
40,5
11,3
0,2
7,3
109,209
37,233
22,5
3,1
0,1
4,0
1,
3,0
1,0
28,7
2,
1,3
92,152
21,196
81,56
6,0
12,
4,1
0,
2,0
3,2
3,2
43,48
6,1
6,1
0,0
9,0
36,4
355,2532
90,1589
23,109
400,4047
12,6
6,19
40,184
14,87
2,0
11,27
10,54
37,293
14,1
9,3
21,313
5,2
111,1105
18,131
12,116
35,32
136,90
30,89
58,569
19,40
31,285
36,38
370,1270
33,435
66,417
239,1794
101,72
92,797
36,138
19,3
8,3
0,1
0,1
0,2
42,262
35,124
13,1
0,5
0,
0,0
39,147
29,113
151,1110
23,81
412,7051
21,244
14,5
132,2579
60,113
6,0
12,
4,0
0,
238,379
105,559
36,304
65,575
5,1
17,11
20,0
35,90
72,422
17,2
191,111
173,1242
16,1
7,0
23,56
19,97
7,0
35,29
4,
43,147
0,
0,
4,
0,
0,
85,344
22,43
45,171
16,127
20,395
171,723
9,0
8,
3,
18,3
2,4
9,
7,9
1960,8207
58,
3,3
6,1
51,
20,
73,55
18,0
6,1
5,8
6,
43,
5,
3,
3,
468,603
39,172
218,1190
9,
59,13
11,2
16,
4,
36,110
3,
7,1
3,
55,44
7,0
7,1
8,1
74,133
26,17
8,2
3,
5,2
10,2
60,93
6,
9,
3,
107,148
28,
20,
11,2
6,1
2,
11,4
30,
13,
571,236
687,3257
46,
26,
13,1
28,7
74,
13,72
7,3
10,2
28,1
2,
22,8
6,1
62,
4,4
19,5
21,0
9,2
26,
24,
157,64
36,176
3,
8,4
5,0
9,38
18,53
4,2
1,
1,
2,
0,
49,41
23,
73,
65,
68,23
31,176
2,
2,
1,
108,10
132,36
14,0
2,
21,10
124,92
76,468
18,61
1,
11,1
1,
0,
1,
43,
5,
59,41
12,
5,3
7,0
25,4
4,
2,
3,1
55,1
32,0
12,
3,2
3,2
3,
44,
13,
4,
4,
3,
38,14
10,
6,
1,
1,
0,
0,
23,
7,
47,
6,
116,
28,
17,4
54,
12,1
6,3
7,1
98,95
3,
10,1
4,5
333,
218,
17,
45,
36,1
10,14
6,3
1,5
108,106
114,1207
29,5
8,5
3,1
5,5
14,77
30,
0,
5,21
1,
45,
17,
61,4
24,67
9,2
99,26
74,523
29,73
8,
3,
3,
184,6
14,2
84,214
1,
1,
3,2
4,2
8,
30,4
9,2
77,
25,
3,
6,
21,21
3,3
0,
0,0
0,0
16,
12,1
34,19
41,8
16,39
76,495
48,563
39,121
79,890
19,
86,495
12,1
22,
28,
41,236
117,1262
157,1315
24,3
25,6
56,56
1,
24,
22,
0,
1,
71,2
3,0
9,1
6,1
2,5
86,81
15,0
19,2
6,2
4,3
183,182
137,614
26,8
27,10
6,5
2,
7,1
40,632
103,
49,
24,
29,
26,
8,
24,
19,
4,
1,
50,
28,96
5,
11,
0,
75,
6,
11,
12,
6,
107,99
49,182
22,158
25,3
7,
5,3
261,
23,5
229,547
34,8
62,7
14,2
9,1
0,
32,
22,
199,16
117,882
11,0
9,0
12,5
14,
0,
0,
31,52
8,
84,115
31,10
19,68
4,
142,238
28,
35,
16,
3,
24,
47,62
14,35
109,
22,
189,
15,
100,7
17,
3,
8,
0,
44,
10,
2,
57,
4,
3,
4,
3,
4,
1,
3,
51,
2,
11,
4,
4,
76,42
194,3
28,171
16,4
32,4
8,
31,9
6,
8,
13,
8,
8,0
8,
7,
17,
12,
35,42
9,
2,
168,
71,3
32,
8,
70,15
12,
3,
12,
327,
93,
25,0
73,
83,219
159,
48,58
18,
30,2
8,
8,
19,
22,69
7,
18,53
10,
16,
12,
2,
3,
0,
111,
15,
18,100
16,
3,
4,
54,50
0,
2,
5,
2,
199,9
38,10
50,249
113,62
6,1
8,1
71,
48,
7,
51,
2,
6,
2,
2265,5022
15,5
3,
6,15
64,77
57,67
22,
8,4
2,
2,
1,
11,1
1,
1,
1,
17,8
7,1
6,3
0,
0,
0,
49,159
24,174
94,878
11,49
6,1
1,
5,
10,6
2,
41,136
2,
13,2
8,
6,1
21,14
4,
1,
6,1
3,
10,2
1,
0,
38,26
14,1
5,
6,2
8,1
1,1
23,69
5,2
0,
35,1
6,
42,82
2,
12,14
10,119
57,17
35,53
42,474
5,
7,
3,
2,
5,
1,
2,
24,17
11,11
11,12
36,105
19,46
6,1
16,24
4,
133,620
4,
183,217
14,139
19,182
26,140
49,520
2,
5,0
0,
1,
5,
1,
2,
0,
14,12
8,2
7,
3,
22,7
11,
2,
6,17
1,
0,
15,4
0,
2,
6,
0,
1,
0,
1,
1,
1,
1,
44,52
38,98
4,
1,
1,
1,
1,
1,
1,
5,149
35,43
6,1
2,
6,1
4,
20,106
26,17
8,11
3,
5,20
0,
1,
41,243
1,
33,4
24,19
0,
2,
19,45
15,32
1,
1,
18,6
2,
7,2
1,
2,
1,
45,129
83,221
5,
13,
16,
12,11
4,3
12,36
2,
0,
24,7
3,
15,130
38,111
74,230
1,
5,0
0,
0,
3,
7,
5,3
9,1
0,
24,50
1,
2,
0,
2,
1,
0,
68,307
21,
6,12
2,
0,
68,153
68,313
2,0
5,1
2,
20,115
12,
12,2
1,
1,
10,2
5,
8,7
7,3
12,
9,7
10,
1,
13,1
4,
3,
14,14
12,149
25,
8,0
14,4
1,
3,
6,
5,
0,
19,7
1,
14,0
3,1
61,249
80,550
23,185
8,1
18,24
3,2
3,
4,1
47,
75,
40,
6,
151,
80,
55,
27,
8,
3,
44,
16,
14,
21,
3,
4,
93,
19,
41,
26,
25,
13,
13,
32,
174,
126,
3,
49,
4,
6,
4,
149,
144,
20,
13,
15,
6,
55,8
23,5
25,1
37,
9,
58,
43,
72,
86,
